{
    "env": {
        "JWT_KEY": "secret",
        "host": "124.43.5.82",
        "password": "IBB@#$321$%",
        "database": "online_test",
        "user": "root",
        "sendby": "webportal@cat2020.org",
        "sendbypass": "webportal@2020",
        "SabaName": "Ibbagamuwa Pradeshiaya Sabawa",
        "contact": "0778281938",
        "rootPath": "https://chilawuc.cat2020.org",
        "resultRedirect": "http://localhost:81/result/",
        "resultRedirectOther": "http://localhost:81/result/other.html/"
    }
}